Model Name,Display Alias,Class ID,Class,Precision,Recall,mAP50,mAP50-95,GT Objects,True Positives,False Positives,False Negatives
ppe_fire_smoke_v3,V3 (Production),0,person,0.355,0.6184,0.399,0.164,228,127,171,101
ppe_fire_smoke_v3,V3 (Production),1,helmet,0.4611,0.7491,0.6308,0.3056,275,196,170,79
ppe_fire_smoke_v3,V3 (Production),2,safety_vest,0.5193,0.7653,0.7298,0.3377,311,232,180,79
ppe_fire_smoke_v3,V3 (Production),3,gloves,0.0572,0.1341,0.0398,0.0167,71,7,109,64
ppe_fire_smoke_v3,V3 (Production),4,safety_footwear,0.3199,0.4483,0.2604,0.1014,145,43,86,102
ppe_fire_smoke_v3,V3 (Production),5,fire,0.5221,0.2222,0.2769,0.0965,99,14,11,85
ppe_fire_smoke_v3,V3 (Production),6,smoke,0.479,0.3396,0.3126,0.0947,106,26,27,80
safesync_v6_hardnegative,V6 (Shadow/HardNeg),0,person,0.3315,0.3763,0.2731,0.1298,228,86,183,142
safesync_v6_hardnegative,V6 (Shadow/HardNeg),1,helmet,0.5277,0.6655,0.5502,0.224,275,178,154,97
safesync_v6_hardnegative,V6 (Shadow/HardNeg),2,safety_vest,0.6398,0.5949,0.6199,0.3168,311,184,110,127
safesync_v6_hardnegative,V6 (Shadow/HardNeg),3,gloves,0.0592,0.2113,0.0254,0.008,71,13,258,58
safesync_v6_hardnegative,V6 (Shadow/HardNeg),4,safety_footwear,0.1929,0.2621,0.1091,0.0457,145,43,174,102
safesync_v6_hardnegative,V6 (Shadow/HardNeg),5,fire,0.2915,0.2203,0.1668,0.0839,99,23,43,76
safesync_v6_hardnegative,V6 (Shadow/HardNeg),6,smoke,0.314,0.0849,0.0836,0.0318,106,8,30,98
safesync_v5_unified,V5 (Unified Candidate),0,person,0.4405,0.2281,0.1917,0.0697,228,22,22,206
safesync_v5_unified,V5 (Unified Candidate),1,helmet,0.2374,0.5745,0.2933,0.0838,275,148,341,127
safesync_v5_unified,V5 (Unified Candidate),2,safety_vest,0.7432,0.1672,0.3489,0.1514,311,33,5,278
safesync_v5_unified,V5 (Unified Candidate),3,gloves,0.0866,0.0845,0.0238,0.0053,71,5,53,66
safesync_v5_unified,V5 (Unified Candidate),4,safety_footwear,0.1391,0.2483,0.0829,0.0453,145,31,145,114
safesync_v5_unified,V5 (Unified Candidate),5,fire,0.1526,0.0808,0.0395,0.018,99,3,12,96
safesync_v5_unified,V5 (Unified Candidate),6,smoke,0.0147,0.2264,0.0104,0.0031,106,15,940,91
ppe_fire_smoke_v4,V4 (Experimental),0,person,0.3804,0.75,0.4815,0.282,228,142,172,86
ppe_fire_smoke_v4,V4 (Experimental),1,helmet,0.5672,0.6873,0.6627,0.393,275,164,72,111
ppe_fire_smoke_v4,V4 (Experimental),2,safety_vest,0.6553,0.8424,0.818,0.4985,311,252,87,59
ppe_fire_smoke_v4,V4 (Experimental),3,gloves,0.1007,0.0704,0.0664,0.0206,71,2,16,69
ppe_fire_smoke_v4,V4 (Experimental),4,safety_footwear,0.2863,0.2462,0.2248,0.1194,145,21,60,124
ppe_fire_smoke_v4,V4 (Experimental),5,fire,0.4157,0.2929,0.2529,0.1053,99,18,15,81
ppe_fire_smoke_v4,V4 (Experimental),6,smoke,0.3261,0.2736,0.2906,0.1198,106,21,14,85
ppe_fire_smoke_v2,V2 (Legacy),0,person,0.3645,0.3904,0.262,0.0919,228,61,93,167
ppe_fire_smoke_v2,V2 (Legacy),1,helmet,0.2548,0.4509,0.2533,0.0863,275,109,280,166
ppe_fire_smoke_v2,V2 (Legacy),2,safety_vest,0.2309,0.4823,0.2919,0.1042,311,131,303,180
ppe_fire_smoke_v2,V2 (Legacy),3,gloves,0.1687,0.0829,0.0826,0.0377,71,5,20,66
ppe_fire_smoke_v2,V2 (Legacy),4,safety_footwear,0.0759,0.0552,0.0168,0.0041,145,2,62,143
ppe_fire_smoke_v2,V2 (Legacy),5,fire,0.2565,0.2727,0.2093,0.096,99,25,48,74
ppe_fire_smoke_v2,V2 (Legacy),6,smoke,0.1944,0.4151,0.1736,0.063,106,31,129,75
ppe_fire_smoke_v1,V1 (Legacy),0,person,1.0,0.0,0.0019,0.0003,228,0,0,228
ppe_fire_smoke_v1,V1 (Legacy),1,helmet,0.2216,0.3055,0.175,0.0512,275,45,120,230
ppe_fire_smoke_v1,V1 (Legacy),2,safety_vest,0.308,0.2605,0.2152,0.0696,311,41,58,270
ppe_fire_smoke_v1,V1 (Legacy),3,gloves,0.0,0.0,0.0,0.0,71,0,0,71
ppe_fire_smoke_v1,V1 (Legacy),4,safety_footwear,1.0,0.0,0.0,0.0,145,0,0,145
ppe_fire_smoke_v1,V1 (Legacy),5,fire,0.1895,0.1717,0.0903,0.0383,99,10,28,89
ppe_fire_smoke_v1,V1 (Legacy),6,smoke,0.0876,0.3962,0.1078,0.0512,106,26,189,80
construction_ppe_v1,Construction PPE V1,0,person,0.22,0.5395,0.2353,0.0846,228,135,744,93
construction_ppe_v1,Construction PPE V1,1,helmet,0.5778,0.6218,0.566,0.2664,275,178,199,97
construction_ppe_v1,Construction PPE V1,2,safety_vest,0.5735,0.4984,0.5217,0.2174,311,168,159,143
construction_ppe_v1,Construction PPE V1,3,gloves,0.0707,0.0563,0.017,0.0047,71,5,76,66
construction_ppe_v1,Construction PPE V1,4,safety_footwear,0.3824,0.2435,0.1798,0.0775,145,40,91,105
construction_ppe_v1,Construction PPE V1,5,fire,1.0,0.0,0.0207,0.0137,99,0,0,99
construction_ppe_v1,Construction PPE V1,6,smoke,1.0,0.0,0.0155,0.0038,106,0,0,106
fire_smoke_candidate_v2,Fire/Smoke Specialist V2,5,fire,0.0,0.0,0.0,0.0,99,0,34,99
fire_smoke_candidate_v2,Fire/Smoke Specialist V2,6,smoke,0.0014,0.4245,0.0,0.0,106,45,31012,61
safesync_glove_detector,Glove Specialist V1,3,gloves,0.024,0.169,0.0,0.0,71,12,489,59
