Model Name,Display Alias,Path,Format,Size (MB),Classes Count,Class Ontology,Framework,SHA-256,Status,Role Type
ppe_fire_smoke_v3,V3 (Production),models/detection/ppe_fire_smoke_v3/weights/best.pt,PyTorch (.pt),5.92,7,"0:person, 1:helmet, 2:safety_vest, 3:gloves, 4:safety_footwear, 5:fire, 6:smoke",Ultralytics YOLOv8n,9b414f3018d54ae55db150629792a4678d58afc7074b919d9bfcf4f9c95e6efe,production,unified_7class
safesync_v6_hardnegative,V6 (Shadow/HardNeg),models/detection/safesync_v6_hardnegative/weights/best.pt,PyTorch (.pt),5.92,7,"0:person, 1:helmet, 2:safety_vest, 3:gloves, 4:safety_footwear, 5:fire, 6:smoke",Ultralytics YOLOv8n,c47705a2c27c1780fbd0b216698567d5e3d2778b34fd4ff7ad85ba33c507b3cc,shadow,unified_7class
safesync_v5_unified,V5 (Unified Candidate),models/detection/safesync_v5_unified/weights/best.pt,PyTorch (.pt),5.92,7,"0:person, 1:helmet, 2:safety_vest, 3:gloves, 4:safety_footwear, 5:fire, 6:smoke",Ultralytics YOLOv8n,b2e554beb39de075e586afd120db3079f5c24f3b4b6165f5601125ed74c8a44b,experimental,unified_7class
ppe_fire_smoke_v4,V4 (Experimental),models/detection/ppe_fire_smoke_v4/weights/best.pt,PyTorch (.pt),5.92,7,"0:person, 1:helmet, 2:safety_vest, 3:gloves, 4:safety_footwear, 5:fire, 6:smoke",Ultralytics YOLOv8n,6c6e564a07024e9b29e6999d2d0af74586576082aada5c5ad4d757a06b1c0313,experimental,unified_7class
ppe_fire_smoke_v2,V2 (Legacy),models/detection/ppe_fire_smoke_v2/weights/best.pt,PyTorch (.pt),5.92,7,"0:person, 1:helmet, 2:safety_vest, 3:gloves, 4:safety_footwear, 5:fire, 6:smoke",Ultralytics YOLOv8n,490a4867d0c9c848ed38e9d5b196a21f925371e3019079b6b7e30c0a5084b2f3,legacy,unified_7class
ppe_fire_smoke_v1,V1 (Legacy),models/detection/ppe_fire_smoke_v1/weights/best.pt,PyTorch (.pt),5.92,7,"0:person, 1:helmet, 2:safety_vest, 3:gloves, 4:safety_footwear, 5:fire, 6:smoke",Ultralytics YOLOv8n,e265d7978b8cdb8cb2e6620e92e8c66d09a04d98b52d9409c91e3ceeba0cd5bf,legacy,unified_7class
construction_ppe_v1,Construction PPE V1,models/detection/construction_ppe_v1/weights/best.pt,PyTorch (.pt),5.93,7,"0:person, 1:helmet, 2:safety_vest, 3:gloves, 4:safety_footwear, 5:fire, 6:smoke",Ultralytics YOLOv8n,213211bc55ae23492d909d2ca76ec419ffbd551f7bad24ca02c6252198086462,experimental,unified_7class
fire_smoke_candidate_v2,Fire/Smoke Specialist V2,models/detection/fire_smoke/candidate_v2/weights/best.pt,PyTorch (.pt),5.92,2,"0:fire, 1:smoke",Ultralytics YOLOv8n,8b4034368a90fcafc5efb3b3c591c854bea4b5de3d8e843524e4b9acce832e13,experimental,specialist_hazard
safesync_glove_detector,Glove Specialist V1,models/detection/safesync_glove_detector/weights/best.pt,PyTorch (.pt),5.92,1,0:GLOVES,Ultralytics YOLOv8n,b33582154bd1705b1967f1e7adadf43c893dd7e059713f02a47b2bab0e1397b8,experimental,specialist_glove
