Model Name,Display Alias,Status,Type,Precision,Recall,mAP50,mAP50-95,Total GT Objects,True Positives,False Positives,False Negatives
ppe_fire_smoke_v3,V3 (Production),production,unified_7class,0.3877,0.4681,0.3785,0.1595,1235,645,754,590
safesync_v6_hardnegative,V6 (Shadow/HardNeg),shadow,unified_7class,0.3366,0.345,0.2612,0.12,1235,535,952,700
safesync_v5_unified,V5 (Unified Candidate),experimental,unified_7class,0.2592,0.23,0.1415,0.0538,1235,257,1518,978
ppe_fire_smoke_v4,V4 (Experimental),experimental,unified_7class,0.3902,0.4518,0.3995,0.2198,1235,620,436,615
ppe_fire_smoke_v2,V2 (Legacy),legacy,unified_7class,0.2208,0.3071,0.1842,0.069,1235,364,935,871
ppe_fire_smoke_v1,V1 (Legacy),legacy,unified_7class,0.401,0.162,0.0843,0.0301,1235,122,395,1113
construction_ppe_v1,Construction PPE V1,experimental,unified_7class,0.5463,0.2799,0.2223,0.0954,1235,526,1269,709
fire_smoke_candidate_v2,Fire/Smoke Specialist V2,experimental,specialist_hazard,0.0014,0.2195,0.0,0.0,205,45,31046,160
safesync_glove_detector,Glove Specialist V1,experimental,specialist_glove,0.024,0.169,0.0,0.0,71,12,489,59
