Model Name,Display Alias,Image Size,Mean Latency (ms),P50 Median (ms),P95 (ms),Max Latency (ms),Throughput (FPS),CPU Delta (%),RAM Usage (MB),Model File Size (MB)
ppe_fire_smoke_v3,V3 (Production),384x384,36.12,34.73,45.32,46.96,27.7,38.4,13908.2,5.92
ppe_fire_smoke_v3,V3 (Production),640x640,67.01,57.21,101.78,112.41,14.9,0.0,13915.4,5.92
safesync_v6_hardnegative,V6 (Shadow/HardNeg),384x384,81.47,66.15,156.29,161.01,12.3,0.0,13910.8,5.92
safesync_v6_hardnegative,V6 (Shadow/HardNeg),640x640,62.11,60.74,72.45,72.55,16.1,0.0,13969.5,5.92
safesync_v5_unified,V5 (Unified Candidate),384x384,38.17,34.16,63.44,78.15,26.2,6.2,13806.2,5.92
safesync_v5_unified,V5 (Unified Candidate),640x640,71.75,61.19,122.03,243.41,13.9,20.6,13797.7,5.92
ppe_fire_smoke_v4,V4 (Experimental),384x384,34.38,33.89,40.62,41.34,29.1,0.3,13782.5,5.92
ppe_fire_smoke_v4,V4 (Experimental),640x640,129.75,116.3,242.61,264.61,7.7,0.0,13793.6,5.92
ppe_fire_smoke_v2,V2 (Legacy),384x384,32.15,32.07,35.56,36.83,31.1,0.3,13728.8,5.92
ppe_fire_smoke_v2,V2 (Legacy),640x640,57.73,57.03,63.76,65.87,17.3,0.2,13742.5,5.92
ppe_fire_smoke_v1,V1 (Legacy),384x384,92.83,103.4,138.47,345.45,10.8,0.0,13713.6,5.92
ppe_fire_smoke_v1,V1 (Legacy),640x640,60.04,58.28,68.84,76.88,16.7,0.0,13726.5,5.92
construction_ppe_v1,Construction PPE V1,384x384,33.32,32.78,40.7,43.32,30.0,0.0,13620.3,5.93
construction_ppe_v1,Construction PPE V1,640x640,109.81,97.23,188.36,199.32,9.1,0.0,13647.2,5.93
fire_smoke_candidate_v2,Fire/Smoke Specialist V2,384x384,34.19,33.59,42.07,44.31,29.2,0.0,13640.9,5.92
fire_smoke_candidate_v2,Fire/Smoke Specialist V2,640x640,58.34,58.0,62.41,70.97,17.1,0.0,13649.7,5.92
safesync_glove_detector,Glove Specialist V1,384x384,30.4,29.76,32.3,43.26,32.9,0.0,13643.5,5.92
safesync_glove_detector,Glove Specialist V1,640x640,86.43,62.89,192.3,200.81,11.6,0.0,13649.9,5.92
